Game Completed Date,Team,Outcome,Imposter Kills,Game Length,Ejected,Rank Change,Region/Game Code,User,Time_of_Day
12/13/2020 at 12:41:55 am EST,Imposter,Win,2,08m 05s,No,+++,Europe / QIRTNF,1,Night
12/11/2020 at 2:04:26 pm EST,Imposter,Loss,3,15m 52s,Yes,-,Europe / ONSJWQ,1,Afternoon
12/10/2020 at 10:41:43 pm EST,Imposter,Loss,2,18m 01s,No,-,NA / EYNONF,1,Evening
12/10/2020 at 12:30:51 am EST,Imposter,Loss,1,02m 35s,Yes,,Europe / KTQRWQ,1,Night
12/09/2020 at 11:52:22 pm EST,Imposter,Loss,2,19m 39s,No,-,Europe / BNDUNF,1,Evening
12/09/2020 at 11:18:13 pm EST,Imposter,Win,5,12m 43s,No,+++,Europe / BNDUNF,1,Evening
12/09/2020 at 10:49:00 pm EST,Imposter,Win,1,15m 50s,No,+++,Europe / BNDUNF,1,Evening
12/09/2020 at 10:13:30 pm EST,Imposter,Loss,2,14m 59s,No,-,Europe / BNDUNF,1,Evening
12/09/2020 at 9:06:43 pm EST,Imposter,Loss,2,12m 54s,Yes,-,Europe / EUUZDF,1,Evening
12/09/2020 at 12:39:08 am EST,Imposter,Win,1,18m 16s,No,+++,NA / TVPSDF,1,Night
12/08/2020 at 11:27:16 pm EST,Imposter,Win,3,11m 55s,No,+++,Europe / VTTXQQ,1,Evening
12/08/2020 at 10:03:02 pm EST,Imposter,Win,2,12m 36s,No,+++,Europe / VTTXQQ,1,Evening
12/08/2020 at 9:47:41 pm EST,Imposter,Loss,1,01m 28s,Yes,,Europe / RLNKUF,1,Evening
12/08/2020 at 12:30:22 am EST,Imposter,Win,3,08m 55s,No,+++,NA / FATWCF,1,Night
12/07/2020 at 11:24:17 pm EST,Imposter,Win,5,05m 40s,No,+++,NA / IKPWHF,1,Evening
12/07/2020 at 10:18:22 pm EST,Imposter,Win,2,07m 46s,No,+++,NA / IKPWHF,1,Evening
12/07/2020 at 10:01:00 pm EST,Imposter,Win,0,00m 00s,No,,NA / RTAXDF,1,Evening
12/07/2020 at 8:58:39 pm EST,Imposter,Loss,2,10m 34s,Yes,-,NA / ITURDF,1,Evening
12/06/2020 at 9:31:27 pm EST,Imposter,Loss,1,11m 31s,No,--,NA / JKQLUF,1,Evening
12/06/2020 at 3:14:08 pm EST,Imposter,Win,2,11m 59s,No,+++,Europe / HRGJOF,1,Afternoon
12/06/2020 at 2:57:33 pm EST,Imposter,Win,2,00m 49s,No,,Europe / HRGJOF,1,Afternoon
12/06/2020 at 2:55:28 pm EST,Imposter,Win,3,08m 47s,No,+++,Europe / HRGJOF,1,Afternoon
12/05/2020 at 11:45:54 pm EST,Imposter,Win,4,21m 23s,No,+++,Europe / RUFQCF,1,Evening
12/13/2020 at 1:22:51 am EST,Imposter,Loss,1,14m 26s,No,--,NA / KJYCCF,2,Night
12/12/2020 at 9:08:08 pm EST,Imposter,Loss,3,21m 05s,Yes,-,NA / JDVNCF,2,Evening
12/12/2020 at 7:27:56 pm EST,Imposter,Win,2,04m 07s,No,,NA / KMHWCF,2,Evening
12/07/2020 at 7:38:42 pm EST,Imposter,Loss,2,11m 53s,Yes,-,NA / PJBMVF,2,Evening
12/06/2020 at 8:53:12 pm EST,Imposter,Win,1,04m 38s,No,,NA / ZQVGNF,2,Evening
12/06/2020 at 8:43:25 pm EST,Imposter,Loss,1,08m 58s,No,--,NA / OFJUIF,2,Evening
12/06/2020 at 8:32:20 pm EST,Imposter,Loss,3,13m 42s,Yes,-,NA / UFWSBF,2,Evening
12/06/2020 at 8:00:17 pm EST,Imposter,Loss,1,12m 35s,No,--,NA / AUYZIF,2,Evening
12/06/2020 at 6:11:03 pm EST,Imposter,Win,2,08m 03s,No,+++,NA / DNWQDF,2,Afternoon
12/06/2020 at 4:02:47 pm EST,Imposter,Win,3,09m 15s,No,+++,NA / YNVBHF,2,Afternoon
12/06/2020 at 2:54:28 pm EST,Imposter,Loss,1,09m 33s,Yes,--,NA / DCXAGF,2,Afternoon
12/06/2020 at 2:43:41 pm EST,Imposter,Win,1,05m 05s,No,+++,NA / DCXAGF,2,Afternoon
12/05/2020 at 8:35:09 pm EST,Imposter,Loss,0,06m 39s,No,--,NA / JXVBHF,2,Evening
12/04/2020 at 5:30:21 pm EST,Imposter,Loss,2,16m 35s,No,-,NA / PYKXMF,2,Afternoon
12/04/2020 at 4:56:10 pm EST,Imposter,Loss,2,12m 48s,No,-,NA / PYKXMF,2,Afternoon
12/03/2020 at 1:17:44 am EST,Imposter,Loss,0,09m 15s,No,--,NA / SRWHUF,2,Night
12/02/2020 at 7:25:22 pm EST,Imposter,Win,2,07m 43s,No,+++,NA / UBXJNF,2,Evening
12/02/2020 at 12:41:48 am EST,Imposter,Win,8,03m 14s,No,,NA / TAPDDF,2,Night
12/02/2020 at 12:30:05 am EST,Imposter,Win,2,08m 57s,No,+++,NA / EMSSUF,2,Night
12/01/2020 at 10:37:18 pm EST,Imposter,Win,1,09m 06s,No,+++,NA / ARTYZF,2,Evening
12/01/2020 at 10:22:54 pm EST,Imposter,Loss,0,18m 20s,No,--,NA / DGBXDF,2,Evening
12/01/2020 at 9:54:26 pm EST,Imposter,Win,2,05m 50s,No,+++,NA / DGBXDF,2,Evening
12/01/2020 at 9:48:21 pm EST,Imposter,Loss,2,05m 58s,Yes,-,NA / DGBXDF,2,Evening
12/13/2020 at 1:47:10 am EST,Imposter,Win,2,03m 21s,No,,NA / SEOHXQ,3,Night
12/13/2020 at 12:27:18 am EST,Imposter,Loss,3,13m 28s,No,-,NA / QQULHF,3,Night
12/12/2020 at 5:16:15 pm EST,Imposter,Win,2,14m 34s,No,+++,NA / WFUYNF,3,Afternoon
12/12/2020 at 3:45:29 pm EST,Imposter,Loss,1,06m 07s,Yes,--,NA / WFUYNF,3,Afternoon
12/12/2020 at 3:03:33 pm EST,Imposter,Loss,3,13m 11s,Yes,-,NA / WFUYNF,3,Afternoon
12/12/2020 at 2:44:29 pm EST,Imposter,Win,3,13m 42s,No,+++,NA / WFUYNF,3,Afternoon
12/12/2020 at 12:24:06 am EST,Imposter,Win,3,09m 46s,No,+++,NA / IMYXDF,3,Night
12/11/2020 at 11:41:36 pm EST,Imposter,Loss,2,10m 11s,No,-,NA / NIQAJF,3,Evening
12/11/2020 at 10:37:46 pm EST,Imposter,Loss,1,16m 51s,No,--,NA / NIQAJF,3,Evening
12/11/2020 at 9:26:03 pm EST,Imposter,Win,3,06m 00s,No,+++,NA / SUTHZF,3,Evening
12/11/2020 at 9:10:47 pm EST,Imposter,Loss,3,14m 02s,Yes,-,NA / SUTHZF,3,Evening
12/11/2020 at 8:15:30 pm EST,Imposter,Loss,1,06m 48s,Yes,--,NA / SUTHZF,3,Evening
12/11/2020 at 8:04:36 pm EST,Imposter,Loss,1,06m 15s,Yes,--,NA / FTJEHF,3,Evening
12/11/2020 at 7:54:53 pm EST,Imposter,Win,1,00m 19s,No,,NA / FTJEHF,3,Evening
12/10/2020 at 10:16:23 pm EST,Imposter,Loss,1,03m 04s,No,,NA / OFUQVF,3,Evening
12/10/2020 at 8:33:28 pm EST,Imposter,Win,3,10m 17s,No,+++,NA / ZRMIOF,3,Evening
12/10/2020 at 3:10:48 pm EST,Imposter,Loss,1,07m 27s,Yes,--,NA / RMSVDF,3,Afternoon
12/10/2020 at 2:36:35 pm EST,Imposter,Loss,2,07m 01s,Yes,-,NA / RMSVDF,3,Afternoon
12/10/2020 at 1:21:29 am EST,Imposter,Loss,1,13m 42s,Yes,--,NA / OJFIGF,3,Night
11/20/2020 at 10:59:15 pm EST,Imposter,Loss,1,05m 02s,Yes,--,NA / THCKMF,3,Evening
11/20/2020 at 10:14:38 pm EST,Imposter,Loss,2,07m 56s,Yes,-,NA / OXCPGF,3,Evening
11/20/2020 at 10:06:17 pm EST,Imposter,Win,4,10m 18s,No,+++,NA / OXCPGF,3,Evening
11/20/2020 at 9:29:41 pm EST,Imposter,Loss,0,09m 32s,Yes,--,NA / USGLIF,3,Evening
12/12/2020 at 10:12:26 pm EST,Imposter,Loss,2,05m 45s,Yes,-,NA / GNZLNF,4,Evening
12/11/2020 at 10:33:22 pm EST,Imposter,Loss,3,08m 49s,Yes,-,NA / OFYKKF,4,Evening
12/11/2020 at 10:19:52 pm EST,Imposter,Loss,3,09m 16s,Yes,-,NA / OFYKKF,4,Evening
12/11/2020 at 1:42:07 am EST,Imposter,Loss,3,06m 45s,No,-,NA / UGIVUF,4,Night
12/11/2020 at 1:31:12 am EST,Imposter,Win,3,09m 40s,No,+++,NA / UGIVUF,4,Night
12/11/2020 at 12:54:37 am EST,Imposter,Win,4,09m 22s,No,+++,NA / CZBSIF,4,Night
12/11/2020 at 12:16:08 am EST,Imposter,Loss,1,07m 16s,No,--,NA / CZBSIF,4,Night
12/11/2020 at 12:07:01 am EST,Imposter,Loss,2,09m 04s,No,-,NA / CZBSIF,4,Night
12/10/2020 at 11:52:49 pm EST,Imposter,Loss,3,06m 45s,Yes,-,NA / HATYVF,4,Evening
12/10/2020 at 12:56:59 am EST,Imposter,Loss,2,08m 25s,No,-,NA / JLZNKF,4,Night
12/10/2020 at 12:20:27 am EST,Imposter,Win,2,07m 32s,No,+++,NA / JLZNKF,4,Night
12/10/2020 at 12:09:36 am EST,Imposter,Win,4,12m 24s,No,+++,NA / JLZNKF,4,Night
12/09/2020 at 11:33:09 pm EST,Imposter,Loss,2,18m 32s,No,-,NA / JLZNKF,4,Evening
12/09/2020 at 10:06:17 pm EST,Imposter,Loss,4,08m 46s,Yes,-,NA / KVMHBF,4,Evening
12/09/2020 at 9:52:31 pm EST,Imposter,Loss,3,10m 11s,Yes,-,NA / KVMHBF,4,Evening
12/06/2020 at 11:18:24 pm EST,Imposter,Win,2,07m 35s,No,+++,NA / EXXLIF,4,Evening
12/06/2020 at 9:14:41 pm EST,Imposter,Win,4,17m 00s,No,+++,NA / GKIYDF,4,Evening
12/06/2020 at 8:45:47 pm EST,Imposter,Loss,3,06m 40s,Yes,-,NA / PNSEMF,4,Evening
12/03/2020 at 11:56:02 pm EST,Imposter,Win,5,02m 22s,No,,NA / TZLCBF,4,Evening
12/12/2020 at 10:20:37 pm EST,Imposter,Loss,2,23m 02s,No,-,Europe / PBLKRQ,5,Evening
12/12/2020 at 9:13:55 pm EST,Imposter,Win,2,17m 25s,No,+++,Europe / PBLKRQ,5,Evening
12/10/2020 at 10:08:03 pm EST,Imposter,Win,2,17m 03s,No,+++,NA / EYNONF,5,Evening
12/09/2020 at 7:08:28 pm EST,Imposter,Win,1,24m 23s,No,+++,Europe / JVTJWQ,5,Evening
12/11/2020 at 2:20:36 pm EST,Imposter,Win,4,14m 25s,Yes,+++,Europe / ONSJWQ,6,Afternoon
12/11/2020 at 2:04:24 pm EST,Imposter,Loss,2,16m 53s,No,-,Europe / ONSJWQ,6,Afternoon
12/11/2020 at 1:15:23 pm EST,Imposter,Win,4,01m 06s,No,,Europe / ONSJWQ,6,Afternoon
12/11/2020 at 12:42:59 pm EST,Imposter,Loss,2,12m 22s,No,-,NA / NNNSXQ,6,Morning
12/11/2020 at 12:21:53 pm EST,Imposter,Loss,1,05m 07s,No,--,NA / NNNSXQ,6,Morning
12/11/2020 at 12:45:31 am EST,Imposter,Win,4,09m 18s,No,+++,NA / EYNONF,6,Night
12/10/2020 at 9:34:26 pm EST,Imposter,Win,1,09m 57s,No,+++,NA / EYNONF,6,Evening
12/06/2020 at 7:57:00 pm EST,Imposter,Win,2,16m 32s,No,+++,Europe / DSYWJF,6,Evening
12/06/2020 at 6:50:46 pm EST,Imposter,Loss,1,20m 36s,No,--,Europe / DSYWJF,6,Afternoon
12/06/2020 at 11:34:24 am EST,Imposter,Win,4,12m 38s,No,+++,Europe / HRGJOF,6,Morning
12/06/2020 at 10:52:04 am EST,Imposter,Win,6,15m 48s,No,+++,Europe / RHZBNF,6,Morning
12/06/2020 at 9:42:54 am EST,Imposter,Loss,4,16m 53s,No,-,Europe / FFNQHF,6,Morning
12/05/2020 at 10:00:07 pm EST,Imposter,Loss,1,17m 18s,Yes,--,Europe / WHOYGF,6,Evening
12/05/2020 at 5:52:29 pm EST,Imposter,Win,3,14m 29s,No,+++,NA / BODLCF,6,Afternoon
12/13/2020 at 3:28:39 pm EST,Imposter,Loss,1,06m 12s,No,--,NA / GTJRIF,7,Afternoon
12/13/2020 at 5:10:15 am EST,Imposter,Loss,5,20m 15s,No,-,NA / TLMVVF,7,Night
12/13/2020 at 4:21:11 am EST,Imposter,Win,1,09m 51s,No,+++,NA / TLMVVF,7,Night
12/11/2020 at 2:20:36 pm EST,Imposter,Win,4,14m 25s,Yes,+++,Europe / ONSJWQ,7,Afternoon
12/11/2020 at 2:04:24 pm EST,Imposter,Loss,2,16m 53s,No,-,Europe / ONSJWQ,7,Afternoon
12/11/2020 at 1:15:23 pm EST,Imposter,Win,4,01m 06s,No,,Europe / ONSJWQ,7,Afternoon
12/11/2020 at 12:42:59 pm EST,Imposter,Loss,2,12m 22s,No,-,NA / NNNSXQ,7,Morning
12/11/2020 at 12:21:53 pm EST,Imposter,Loss,1,05m 07s,No,--,NA / NNNSXQ,7,Morning
12/11/2020 at 12:45:31 am EST,Imposter,Win,4,09m 18s,No,+++,NA / EYNONF,7,Night
12/10/2020 at 9:34:26 pm EST,Imposter,Win,1,09m 57s,No,+++,NA / EYNONF,7,Evening
12/06/2020 at 7:57:00 pm EST,Imposter,Win,2,16m 32s,No,+++,Europe / DSYWJF,7,Evening
12/06/2020 at 6:50:46 pm EST,Imposter,Loss,1,20m 36s,No,--,Europe / DSYWJF,7,Afternoon
12/06/2020 at 11:34:24 am EST,Imposter,Win,4,12m 38s,No,+++,Europe / HRGJOF,7,Morning
12/06/2020 at 10:52:04 am EST,Imposter,Win,6,15m 48s,No,+++,Europe / RHZBNF,7,Morning
12/06/2020 at 9:42:54 am EST,Imposter,Loss,4,16m 53s,No,-,Europe / FFNQHF,7,Morning
12/13/2020 at 9:12:09 pm EST,Imposter,Loss,2,08m 19s,No,-,Europe / AHNVOF,8,Evening
12/13/2020 at 7:30:23 pm EST,Imposter,Win,3,05m 00s,No,+++,NA / BRHQGF,8,Evening
12/13/2020 at 7:09:18 pm EST,Imposter,Win,3,09m 23s,No,+++,NA / BRHQGF,8,Evening
12/01/2020 at 1:05:05 pm EST,Imposter,Loss,1,15m 19s,Yes,--,Europe / SADXGF,8,Afternoon
11/30/2020 at 8:19:06 pm EST,Imposter,Win,4,13m 35s,No,+++,NA / DOQJHF,8,Evening
11/30/2020 at 7:33:45 pm EST,Imposter,Win,3,12m 22s,No,+++,NA / WJFFHF,8,Evening
11/30/2020 at 6:38:04 pm EST,Imposter,Loss,3,18m 43s,No,-,NA / WJFFHF,8,Afternoon
11/27/2020 at 8:14:26 pm EST,Imposter,Loss,3,10m 18s,Yes,-,Europe / UOOUCF,8,Evening
11/27/2020 at 12:49:45 am EST,Imposter,Win,4,15m 15s,No,+++,Europe / ATIEWQ,8,Night
11/26/2020 at 10:45:47 pm EST,Imposter,Loss,1,06m 47s,No,--,Europe / SJHCDF,8,Evening
11/26/2020 at 5:29:57 pm EST,Imposter,Win,3,08m 44s,No,+++,Europe / IMZDKF,8,Afternoon
11/26/2020 at 5:04:48 pm EST,Imposter,Win,3,16m 51s,No,+++,Europe / IMZDKF,8,Afternoon
11/26/2020 at 1:29:20 pm EST,Imposter,Loss,4,16m 33s,Yes,-,Europe / QKUZDF,8,Afternoon
11/26/2020 at 1:12:02 pm EST,Imposter,Loss,1,10m 06s,Yes,--,Europe / QKUZDF,8,Afternoon
11/26/2020 at 12:59:34 pm EST,Imposter,Win,1,03m 50s,No,,Europe / QKUZDF,8,Morning
11/26/2020 at 12:46:42 pm EST,Imposter,Loss,1,06m 46s,No,--,Europe / QKUZDF,8,Morning
11/25/2020 at 2:09:55 am EST,Imposter,Win,2,14m 12s,No,+++,Europe / MRISXQ,8,Night
11/25/2020 at 1:26:51 am EST,Imposter,Win,2,16m 41s,No,+++,Europe / LGXHBF,8,Night
11/25/2020 at 12:18:37 am EST,Imposter,Win,2,04m 09s,No,,Europe / LGXHBF,8,Night
12/12/2020 at 9:35:20 pm EST,Imposter,Loss,3,20m 04s,No,-,Europe / PBLKRQ,9,Evening
12/12/2020 at 8:39:38 pm EST,Imposter,Loss,4,22m 08s,No,-,Europe / PBLKRQ,9,Evening
12/12/2020 at 7:17:27 pm EST,Imposter,Win,1,12m 18s,No,+++,Europe / PBLKRQ,9,Evening
12/12/2020 at 7:03:28 pm EST,Imposter,Win,2,09m 49s,No,+++,Europe / PBLKRQ,9,Evening
12/12/2020 at 6:51:49 pm EST,Imposter,Loss,3,15m 05s,No,-,Europe / PBLKRQ,9,Afternoon
12/12/2020 at 6:33:18 pm EST,Imposter,Win,3,11m 08s,No,+++,Europe / PBLKRQ,9,Afternoon
12/11/2020 at 3:30:33 pm EST,Imposter,Loss,1,12m 20s,Yes,--,Europe / BFRJCF,9,Afternoon
12/08/2020 at 2:27:39 pm EST,Imposter,Loss,2,15m 19s,No,-,Europe / HKTMKF,9,Afternoon
12/08/2020 at 2:11:05 pm EST,Imposter,Win,1,07m 38s,No,+++,Europe / HKTMKF,9,Afternoon
12/07/2020 at 4:14:39 pm EST,Imposter,Win,2,10m 08s,No,+++,NA / BRUYNF,9,Afternoon
12/06/2020 at 8:26:19 pm EST,Imposter,Loss,5,10m 59s,No,-,Europe / DSYWJF,9,Evening
12/06/2020 at 5:42:27 pm EST,Imposter,Loss,1,04m 14s,Yes,,Europe / DSYWJF,9,Afternoon
12/03/2020 at 11:59:29 am EST,Imposter,Win,2,11m 35s,No,+++,Europe / GFTTKF,9,Morning
12/03/2020 at 11:47:00 am EST,Imposter,Win,2,09m 08s,No,+++,Europe / GFTTKF,9,Morning
12/02/2020 at 3:05:42 pm EST,Imposter,Win,4,17m 41s,No,+++,NA / ZLWXDF,9,Afternoon
12/02/2020 at 2:46:41 pm EST,Imposter,Win,4,14m 01s,No,+++,NA / ZLWXDF,9,Afternoon
11/29/2020 at 10:17:27 pm EST,Imposter,Loss,2,12m 35s,No,-,NA / MSVQUF,9,Evening
11/29/2020 at 2:42:36 pm EST,Imposter,Win,1,12m 44s,No,+++,Europe / NZXBDF,9,Afternoon
11/29/2020 at 12:41:24 pm EST,Imposter,Win,2,12m 31s,No,+++,Europe / ODVUBF,9,Morning
11/28/2020 at 4:30:47 pm EST,Imposter,Win,2,05m 15s,No,+++,Europe / DJCWJF,9,Afternoon
11/28/2020 at 12:57:06 pm EST,Imposter,Loss,2,11m 02s,No,-,Europe / DJCWJF,9,Morning
12/13/2020 at 4:20:16 pm EST,Imposter,Loss,2,05m 36s,No,-,NA / GTJRIF,10,Afternoon
12/13/2020 at 3:44:47 pm EST,Imposter,Loss,3,15m 04s,No,-,NA / GTJRIF,10,Afternoon
12/11/2020 at 3:10:56 pm EST,Imposter,Loss,1,11m 00s,Yes,--,Europe / BFRJCF,10,Afternoon
12/11/2020 at 2:53:26 pm EST,Imposter,Loss,1,18m 01s,Yes,--,Europe / BFRJCF,10,Afternoon
12/11/2020 at 2:20:37 pm EST,Imposter,Win,2,14m 25s,No,+++,Europe / ONSJWQ,10,Afternoon
12/11/2020 at 11:17:48 am EST,Imposter,Loss,3,06m 51s,No,-,NA / OHNBGF,10,Morning
12/08/2020 at 9:31:17 pm EST,Imposter,Loss,0,07m 16s,No,--,Europe / RLNKUF,10,Evening
12/08/2020 at 9:14:12 pm EST,Imposter,Loss,2,08m 50s,Yes,-,Europe / OUBRXQ,10,Evening
12/08/2020 at 4:47:32 pm EST,Imposter,Win,3,00m 48s,No,,Europe / LWIRQQ,10,Afternoon
12/08/2020 at 4:45:30 pm EST,Imposter,Win,2,02m 25s,No,,Europe / LWIRQQ,10,Afternoon
12/08/2020 at 4:41:32 pm EST,Imposter,Win,1,04m 51s,No,,Europe / LWIRQQ,10,Afternoon
12/08/2020 at 4:21:22 pm EST,Imposter,Win,2,01m 42s,No,,Europe / TVDBQQ,10,Afternoon
12/06/2020 at 9:19:00 pm EST,Imposter,Loss,2,04m 35s,Yes,,NA / NPLFEQ,10,Evening
12/06/2020 at 3:06:12 pm EST,Imposter,Win,3,03m 35s,No,,Europe / HLNTRQ,10,Afternoon
12/05/2020 at 9:19:55 pm EST,Imposter,Win,2,03m 12s,No,,NA / BSXYYQ,10,Evening
12/05/2020 at 1:11:39 am EST,Imposter,Loss,2,08m 26s,Yes,-,NA / MOCDTQ,10,Night
12/05/2020 at 1:00:58 am EST,Imposter,Win,4,06m 12s,No,+++,NA / SSMMYQ,10,Night
12/04/2020 at 5:56:24 pm EST,Imposter,Loss,1,17m 22s,No,--,NA / NLKPHF,10,Afternoon
12/04/2020 at 4:02:29 pm EST,Imposter,Win,2,06m 59s,No,+++,Europe / WTGAJF,10,Afternoon
12/04/2020 at 2:37:06 pm EST,Imposter,Win,2,02m 11s,No,,Europe / WJVDJF,10,Afternoon
12/04/2020 at 2:33:15 pm EST,Imposter,Win,1,00m 29s,No,,Europe / AKGECF,10,Afternoon
12/03/2020 at 11:30:15 pm EST,Imposter,Win,1,07m 42s,No,+++,Europe / OUAACF,10,Evening
12/03/2020 at 10:43:54 pm EST,Imposter,Win,3,13m 31s,No,+++,Europe / OUAACF,10,Evening
12/03/2020 at 9:40:26 pm EST,Imposter,Loss,3,25m 20s,Yes,-,Europe / OUAACF,10,Evening
12/13/2020 at 10:15:57 pm EST,Imposter,Loss,3,08m 38s,No,-,NA / GFAXDF,11,Evening
12/13/2020 at 10:06:47 pm EST,Imposter,Win,3,07m 30s,No,+++,NA / GFAXDF,11,Evening
12/13/2020 at 9:15:58 pm EST,Imposter,Loss,0,03m 37s,Yes,,NA / GFAXDF,11,Evening
12/09/2020 at 9:32:37 pm EST,Imposter,Loss,3,11m 40s,Yes,-,NA / LDTHVF,11,Evening
12/09/2020 at 9:19:49 pm EST,Imposter,Win,4,09m 47s,No,+++,NA / LDTHVF,11,Evening
12/08/2020 at 11:20:29 pm EST,Imposter,Win,2,08m 46s,No,+++,NA / DTPRHF,11,Evening
12/08/2020 at 10:49:55 pm EST,Imposter,Win,2,08m 00s,No,+++,NA / DTPRHF,11,Evening
12/07/2020 at 10:18:28 pm EST,Imposter,Win,2,07m 48s,No,+++,NA / XVMZZF,11,Evening
12/07/2020 at 9:56:50 pm EST,Imposter,Win,3,11m 49s,No,+++,NA / IKBYZF,11,Evening
12/17/2020 at 2:23:17 am EST,Imposter,Win,2,09m 23s,No,+++,NA / NVAFCF,12,Night
12/17/2020 at 1:29:28 am EST,Imposter,Loss,1,14m 25s,No,--,NA / NVAFCF,12,Night
12/17/2020 at 12:00:34 am EST,Imposter,Win,1,08m 24s,No,+++,NA / NVAFCF,12,Night
12/16/2020 at 10:55:28 pm EST,Imposter,Loss,2,12m 33s,Yes,-,NA / VQXHFF,12,Evening
12/16/2020 at 9:10:07 pm EST,Imposter,Loss,4,14m 41s,No,-,NA / RDVGNF,12,Evening
12/16/2020 at 8:54:36 pm EST,Imposter,Loss,1,13m 44s,No,--,NA / RDVGNF,12,Evening
12/16/2020 at 8:28:50 pm EST,Imposter,Win,4,10m 15s,No,+++,NA / UZSYCF,12,Evening
12/16/2020 at 5:10:59 pm EST,Imposter,Loss,1,16m 16s,No,--,Europe / UPWUGF,12,Afternoon
12/16/2020 at 1:34:52 am EST,Imposter,Loss,4,16m 07s,No,-,NA / FFNSNF,12,Night
12/16/2020 at 1:17:54 am EST,Imposter,Loss,3,16m 57s,No,-,NA / FFNSNF,12,Night
12/15/2020 at 2:40:34 am EST,Imposter,Win,1,10m 41s,Yes,+++,NA / JBLSZF,12,Night
12/08/2020 at 2:29:50 am EST,Imposter,Win,2,04m 33s,No,,NA / HNXTJF,12,Night
12/08/2020 at 1:34:32 am EST,Imposter,Win,1,02m 37s,No,,NA / FATWCF,12,Night
12/07/2020 at 10:18:21 pm EST,Imposter,Win,2,08m 25s,No,+++,NA / IKPWHF,12,Evening
12/07/2020 at 2:07:09 am EST,Imposter,Loss,2,16m 02s,No,-,NA / HUTXKF,12,Night
12/06/2020 at 5:21:11 pm EST,Imposter,Loss,2,02m 31s,Yes,,NA / COXPUF,12,Afternoon
12/06/2020 at 5:14:16 pm EST,Imposter,Win,3,03m 47s,No,,NA / COXPUF,12,Afternoon
12/06/2020 at 4:12:28 pm EST,Imposter,Win,3,09m 12s,No,+++,Europe / DSYWJF,12,Afternoon
12/06/2020 at 3:32:07 am EST,Imposter,Loss,2,20m 12s,No,-,Europe / RUFQCF,12,Night
11/29/2020 at 8:50:39 pm EST,Imposter,Loss,2,17m 29s,No,-,NA / MSVQUF,12,Evening
11/29/2020 at 7:51:54 pm EST,Imposter,Win,2,10m 29s,No,+++,NA / MSVQUF,12,Evening
12/17/2020 at 6:40:21 pm EST,Imposter,Win,3,11m 37s,No,+++,NA / SXJLBF,13,Afternoon
12/17/2020 at 6:26:53 pm EST,Imposter,Win,3,09m 48s,No,+++,NA / SXJLBF,13,Afternoon
12/17/2020 at 6:14:28 pm EST,Imposter,Win,2,08m 31s,No,+++,NA / SXJLBF,13,Afternoon
12/17/2020 at 6:04:53 pm EST,Imposter,Loss,2,16m 03s,No,-,NA / SXJLBF,13,Afternoon
12/16/2020 at 4:44:14 pm EST,Imposter,Loss,2,05m 26s,No,-,NA / FFLMTQ,13,Afternoon
12/16/2020 at 4:30:28 pm EST,Imposter,Win,1,01m 53s,No,,NA / TGOHXQ,13,Afternoon
12/16/2020 at 3:33:02 pm EST,Imposter,Win,2,02m 29s,No,,NA / UDMKOF,13,Afternoon
12/16/2020 at 3:23:32 pm EST,Imposter,Win,5,05m 43s,No,+++,NA / LBBXRQ,13,Afternoon
12/15/2020 at 6:15:20 pm EST,Imposter,Win,3,15m 24s,No,+++,NA / AWYBXQ,13,Afternoon
12/15/2020 at 5:24:47 pm EST,Imposter,Win,4,19m 44s,No,+++,NA / IUFFVF,13,Afternoon
12/15/2020 at 9:30:04 am EST,Imposter,Loss,2,09m 59s,No,-,Europe / RIZQCF,13,Morning
12/14/2020 at 4:10:00 pm EST,Imposter,Loss,3,19m 48s,No,-,Europe / KUJLBF,13,Afternoon
12/08/2020 at 8:34:53 pm EST,Imposter,Win,4,09m 22s,No,+++,Europe / OUBRXQ,13,Evening
12/08/2020 at 3:10:39 pm EST,Imposter,Win,1,02m 05s,No,,Europe / KQABIF,13,Afternoon
12/07/2020 at 10:32:50 pm EST,Imposter,Win,3,13m 13s,No,+++,NA / IKPWHF,13,Evening
12/07/2020 at 12:37:58 am EST,Imposter,Loss,2,26m 40s,No,-,NA / HUTXKF,13,Night
12/06/2020 at 11:15:20 pm EST,Imposter,Win,3,13m 23s,No,+++,NA / HUTXKF,13,Evening
12/06/2020 at 6:00:14 pm EST,Imposter,Win,4,16m 02s,No,+++,Europe / DSYWJF,13,Afternoon
12/04/2020 at 8:38:49 pm EST,Imposter,Loss,3,14m 02s,No,-,NA / NRQIBF,13,Evening
12/04/2020 at 5:35:28 pm EST,Imposter,Win,4,09m 19s,No,+++,NA / NLKPHF,13,Afternoon
12/04/2020 at 4:10:53 pm EST,Imposter,Win,1,00m 46s,No,,NA / ROKPWQ,13,Afternoon
12/02/2020 at 7:06:32 am EST,Imposter,Win,2,00m 57s,No,,NA / EFFLQQ,13,Morning
12/02/2020 at 5:36:32 am EST,Imposter,Win,1,01m 49s,No,,NA / RTBMCF,13,Night
12/02/2020 at 5:33:33 am EST,Imposter,Win,1,01m 01s,No,,NA / PBSGVF,13,Night
12/17/2020 at 10:40:43 pm EST,Imposter,Loss,3,22m 35s,No,-,NA / SXJLBF,14,Evening
12/17/2020 at 7:28:42 pm EST,Imposter,Win,3,12m 30s,No,+++,NA / SXJLBF,14,Evening
12/17/2020 at 4:55:26 pm EST,Imposter,Loss,2,16m 49s,No,-,NA / EGAACF,14,Afternoon
12/17/2020 at 4:36:23 pm EST,Imposter,Win,4,14m 55s,No,+++,NA / EGAACF,14,Afternoon
12/16/2020 at 2:22:07 pm EST,Imposter,Win,3,09m 10s,No,+++,Europe / LZHLMF,14,Afternoon
12/15/2020 at 5:44:03 pm EST,Imposter,Loss,3,13m 24s,No,-,NA / AWYBXQ,14,Afternoon
12/14/2020 at 10:54:07 pm EST,Imposter,Win,2,10m 27s,No,+++,Europe / ONSXGF,14,Evening
12/14/2020 at 10:22:49 pm EST,Imposter,Win,2,13m 53s,No,+++,Europe / ONSXGF,14,Evening
12/14/2020 at 9:12:04 pm EST,Imposter,Win,4,15m 43s,No,+++,Europe / ONSXGF,14,Evening
12/14/2020 at 3:10:10 am EST,Imposter,Win,4,08m 53s,No,+++,NA / BEXBOF,14,Night
12/14/2020 at 12:24:07 am EST,Imposter,Win,4,10m 12s,No,+++,NA / LKKLPQ,14,Night
12/13/2020 at 9:03:21 pm EST,Imposter,Win,3,19m 45s,No,+++,Europe / AHNVOF,14,Evening
12/13/2020 at 8:42:41 pm EST,Imposter,Loss,1,05m 45s,No,--,Europe / AHNVOF,14,Evening
12/13/2020 at 7:57:34 pm EST,Imposter,Win,2,03m 21s,No,,Europe / AHNVOF,14,Evening
12/13/2020 at 6:58:39 pm EST,Imposter,Win,1,04m 30s,No,,NA / BRHQGF,14,Afternoon
12/13/2020 at 3:03:34 pm EST,Imposter,Win,2,05m 07s,No,+++,NA / FDMAOF,14,Afternoon
12/11/2020 at 12:08:58 am EST,Imposter,Win,2,08m 49s,No,+++,NA / EYNONF,14,Night
12/10/2020 at 11:31:45 pm EST,Imposter,Win,3,09m 25s,No,+++,NA / EYNONF,14,Evening
12/10/2020 at 11:03:53 pm EST,Imposter,Win,3,18m 12s,No,+++,NA / EYNONF,14,Evening
12/10/2020 at 10:07:58 pm EST,Imposter,Win,3,17m 02s,No,+++,NA / EYNONF,14,Evening
12/10/2020 at 9:45:34 pm EST,Imposter,Win,2,08m 57s,No,+++,NA / EYNONF,14,Evening
12/10/2020 at 9:03:58 pm EST,Imposter,Loss,2,07m 53s,No,-,NA / EYNONF,14,Evening
12/10/2020 at 8:53:42 pm EST,Imposter,Loss,1,10m 36s,No,--,NA / EYNONF,14,Evening
12/10/2020 at 12:34:33 am EST,Imposter,Win,1,03m 07s,Yes,,Europe / KTQRWQ,14,Night
12/09/2020 at 10:28:23 pm EST,Imposter,Loss,2,13m 13s,No,-,Europe / BNDUNF,14,Evening
12/09/2020 at 12:03:34 am EST,Imposter,Loss,2,12m 04s,No,-,Europe / VTTXQQ,14,Night
12/08/2020 at 11:48:43 pm EST,Imposter,Loss,2,15m 29s,No,-,Europe / VTTXQQ,14,Evening
12/08/2020 at 11:14:31 pm EST,Imposter,Win,2,12m 03s,No,+++,Europe / VTTXQQ,14,Evening
12/08/2020 at 10:41:20 pm EST,Imposter,Win,4,13m 01s,No,+++,Europe / VTTXQQ,14,Evening
12/17/2020 at 9:41:51 pm EST,Imposter,Loss,0,21m 33s,No,--,NA / SXJLBF,15,Evening
12/02/2020 at 4:19:23 pm EST,Imposter,Win,2,15m 18s,No,+++,Europe / TQQYQQ,15,Afternoon
12/02/2020 at 12:54:57 am EST,Imposter,Loss,1,11m 45s,No,--,NA / KFTWCF,15,Night
12/01/2020 at 6:24:10 pm EST,Imposter,Loss,3,11m 25s,Yes,-,Europe / SADXGF,15,Afternoon
12/01/2020 at 5:31:16 pm EST,Imposter,Win,3,09m 16s,No,+++,Europe / SADXGF,15,Afternoon
11/28/2020 at 7:15:31 pm EST,Imposter,Win,3,05m 53s,No,+++,NA / XYBZDF,15,Evening
12/22/2020 at 1:28:19 am EST,Imposter,Win,1,06m 38s,No,+++,NA / NHORMF,16,Night
12/21/2020 at 2:32:38 am EST,Imposter,Win,2,09m 04s,No,+++,NA / FVNGZF,16,Night
12/19/2020 at 6:29:45 am EST,Imposter,Win,1,07m 49s,No,+++,NA / ASJXIF,16,Night
12/19/2020 at 6:21:04 am EST,Imposter,Win,3,10m 30s,No,+++,NA / ASJXIF,16,Night
12/19/2020 at 6:09:49 am EST,Imposter,Win,2,15m 43s,No,+++,NA / ASJXIF,16,Night
12/19/2020 at 5:09:58 am EST,Imposter,Win,4,15m 55s,No,+++,NA / ASJXIF,16,Night
12/19/2020 at 3:59:34 am EST,Imposter,Win,3,09m 01s,No,+++,NA / ASJXIF,16,Night
12/19/2020 at 2:39:45 am EST,Imposter,Win,3,12m 05s,No,+++,NA / JYJKBF,16,Night
12/18/2020 at 4:02:30 am EST,Imposter,Win,1,08m 08s,No,+++,NA / OVGUMF,16,Night
12/18/2020 at 3:52:08 am EST,Imposter,Win,4,16m 45s,No,+++,NA / OVGUMF,16,Night
12/04/2020 at 11:15:30 pm EST,Imposter,Win,2,13m 03s,No,+++,NA / JPSWVF,16,Evening
12/03/2020 at 1:52:53 am EST,Imposter,Win,3,09m 05s,No,+++,NA / GHOUHF,16,Night
12/03/2020 at 1:40:58 am EST,Imposter,Loss,3,11m 11s,No,-,NA / GHOUHF,16,Night
12/02/2020 at 1:04:23 am EST,Imposter,Win,2,04m 13s,No,,NA / DYSIVF,16,Night
12/21/2020 at 5:18:07 pm EST,Imposter,Win,3,02m 37s,No,,NA / FLDQTQ,17,Afternoon
12/21/2020 at 3:21:56 pm EST,Imposter,Win,1,01m 06s,No,,NA / WFGEPQ,17,Afternoon
12/20/2020 at 6:34:26 pm EST,Imposter,Win,1,03m 01s,No,,NA / RJPINF,17,Afternoon
12/20/2020 at 6:30:56 pm EST,Imposter,Loss,0,01m 50s,Yes,,NA / RJPINF,17,Afternoon
12/20/2020 at 6:20:34 pm EST,Imposter,Win,1,00m 31s,No,,NA / RJPINF,17,Afternoon
12/20/2020 at 6:11:43 pm EST,Imposter,Win,2,03m 25s,No,,NA / RJPINF,17,Afternoon
12/20/2020 at 5:49:20 pm EST,Imposter,Win,3,05m 24s,No,+++,Europe / LQGWUF,17,Afternoon
12/20/2020 at 5:37:30 pm EST,Imposter,Win,1,01m 59s,No,,Europe / LQGWUF,17,Afternoon
12/20/2020 at 11:19:03 am EST,Imposter,Win,2,10m 24s,No,+++,NA / DZZFDF,17,Morning
12/20/2020 at 11:05:16 am EST,Imposter,Win,2,07m 31s,No,+++,NA / DZZFDF,17,Morning
12/20/2020 at 10:50:21 am EST,Imposter,Win,3,06m 57s,No,+++,NA / DZZFDF,17,Morning
12/20/2020 at 10:42:50 am EST,Imposter,Loss,1,02m 47s,Yes,,NA / DZZFDF,17,Morning
12/20/2020 at 10:33:44 am EST,Imposter,Win,1,02m 31s,No,,NA / DZZFDF,17,Morning
12/19/2020 at 5:29:47 pm EST,Imposter,Win,1,04m 47s,No,,NA / HAKPCF,17,Afternoon
12/19/2020 at 5:20:04 pm EST,Imposter,Win,1,10m 19s,No,+++,NA / HAKPCF,17,Afternoon
12/19/2020 at 5:08:40 pm EST,Imposter,Loss,0,07m 43s,Yes,--,NA / HAKPCF,17,Afternoon
12/22/2020 at 7:26:57 pm EST,Imposter,Loss,3,14m 13s,No,-,Europe / NMCIQQ,18,Evening
12/22/2020 at 6:38:40 pm EST,Imposter,Win,5,12m 09s,No,+++,Europe / NMCIQQ,18,Afternoon
12/19/2020 at 1:21:19 pm EST,Imposter,Loss,1,09m 35s,No,--,Europe / ZVBKBF,18,Afternoon
12/18/2020 at 6:58:22 pm EST,Imposter,Loss,1,11m 03s,No,--,Europe / ZFCTGF,18,Afternoon
12/18/2020 at 6:41:57 pm EST,Imposter,Loss,1,11m 02s,No,--,Europe / ZFCTGF,18,Afternoon
12/18/2020 at 2:12:00 pm EST,Imposter,Loss,1,04m 55s,No,,Europe / OEAIBF,18,Afternoon
12/18/2020 at 1:45:57 pm EST,Imposter,Loss,2,16m 29s,No,-,Europe / OEAIBF,18,Afternoon
12/18/2020 at 12:35:27 pm EST,Imposter,Loss,2,07m 06s,Yes,-,NA / DYSEIF,18,Morning
12/17/2020 at 3:20:52 pm EST,Imposter,Loss,1,15m 42s,No,--,Europe / ZQKMJF,18,Afternoon
12/16/2020 at 5:32:45 pm EST,Imposter,Loss,2,01m 51s,Yes,,Europe / OOELCF,18,Afternoon
12/16/2020 at 3:13:23 pm EST,Imposter,Win,3,09m 19s,No,+++,Europe / LZHLMF,18,Afternoon
12/16/2020 at 2:39:03 pm EST,Imposter,Win,2,14m 00s,No,+++,Europe / LZHLMF,18,Afternoon
12/15/2020 at 6:03:55 pm EST,Imposter,Loss,2,09m 25s,No,-,Europe / WXCBQQ,18,Afternoon
12/13/2020 at 1:16:45 pm EST,Imposter,Loss,3,12m 12s,No,-,Europe / IWNVWQ,18,Afternoon
12/13/2020 at 12:31:03 pm EST,Imposter,Loss,2,17m 12s,No,-,Europe / IWNVWQ,18,Morning
12/13/2020 at 11:51:20 am EST,Imposter,Win,2,08m 54s,No,+++,Europe / IWNVWQ,18,Morning
12/12/2020 at 7:17:30 pm EST,Imposter,Win,3,12m 17s,No,+++,Europe / PBLKRQ,18,Evening
12/12/2020 at 6:21:39 pm EST,Imposter,Loss,3,11m 46s,No,-,Europe / PBLKRQ,18,Afternoon
12/24/2020 at 2:07:45 pm EST,Imposter,Win,4,07m 17s,No,+++,NA / RBAUGF,19,Afternoon
12/24/2020 at 1:59:08 pm EST,Imposter,Loss,1,12m 16s,Yes,--,NA / RBAUGF,19,Afternoon
12/23/2020 at 9:52:36 pm EST,Imposter,Loss,3,12m 00s,No,-,NA / KYXYVF,19,Evening
12/23/2020 at 9:52:35 pm EST,Imposter,Loss,3,12m 00s,No,-,NA / KYXYVF,19,Evening
12/23/2020 at 8:46:29 pm EST,Imposter,Loss,2,09m 56s,No,-,NA / KYXYVF,19,Evening
12/23/2020 at 8:46:29 pm EST,Imposter,Loss,2,09m 56s,No,-,NA / KYXYVF,19,Evening
12/23/2020 at 7:37:30 pm EST,Imposter,Win,2,07m 29s,No,+++,NA / KYXYVF,19,Evening
12/23/2020 at 7:37:30 pm EST,Imposter,Win,2,07m 29s,No,+++,NA / KYXYVF,19,Evening
12/24/2020 at 12:04:31 pm EST,Imposter,Loss,2,04m 09s,No,,NA / CKCUCF,20,Morning
12/24/2020 at 11:19:05 am EST,Imposter,Win,2,05m 18s,No,+++,NA / CKCUCF,20,Morning
12/24/2020 at 11:12:35 am EST,Imposter,Loss,1,04m 41s,No,,NA / CKCUCF,20,Morning
12/24/2020 at 11:07:23 am EST,Imposter,Win,1,00m 39s,No,,NA / CKCUCF,20,Morning
12/24/2020 at 11:03:05 am EST,Imposter,Win,1,00m 30s,No,,NA / CKCUCF,20,Morning
12/20/2020 at 4:09:35 pm EST,Imposter,Win,1,01m 51s,No,,NA / BNZPBF,20,Afternoon
12/18/2020 at 12:31:05 pm EST,Imposter,Win,1,03m 02s,No,,NA / IZYEDF,20,Morning
12/17/2020 at 8:37:09 pm EST,Imposter,Win,2,01m 50s,No,,NA / UJVTRQ,20,Evening
12/17/2020 at 6:52:09 pm EST,Imposter,Win,2,02m 10s,No,,NA / KIHBNF,20,Afternoon
12/17/2020 at 6:46:22 pm EST,Imposter,Win,2,02m 23s,No,,NA / KIHBNF,20,Afternoon
12/17/2020 at 6:21:18 pm EST,Imposter,Loss,1,01m 07s,No,,NA / KIHBNF,20,Afternoon
12/17/2020 at 5:54:55 pm EST,Imposter,Loss,1,01m 41s,No,,NA / KIHBNF,20,Afternoon
12/17/2020 at 2:36:33 pm EST,Imposter,Win,0,04m 57s,No,,NA / NKVJTQ,20,Afternoon
12/16/2020 at 11:47:46 am EST,Imposter,Loss,1,04m 36s,No,,NA / VNUPXQ,20,Morning
12/15/2020 at 10:12:21 pm EST,Imposter,Loss,3,06m 59s,No,-,NA / ZBRGWQ,20,Evening
12/15/2020 at 8:25:21 pm EST,Imposter,Loss,3,06m 26s,Yes,-,NA / CYDTTQ,20,Evening
12/25/2020 at 9:07:12 pm EST,Imposter,Loss,1,11m 25s,Yes,--,Europe / BKINIF,21,Evening
12/25/2020 at 8:10:46 pm EST,Imposter,Win,2,16m 19s,Yes,+++,Europe / BKINIF,21,Evening
12/25/2020 at 7:50:19 pm EST,Imposter,Loss,1,07m 34s,No,--,Europe / OIQBDF,21,Evening
12/22/2020 at 12:53:26 pm EST,Imposter,Win,1,03m 56s,No,,Europe / NMCIQQ,21,Morning
12/22/2020 at 12:43:40 pm EST,Imposter,Win,2,09m 15s,No,+++,Europe / NMCIQQ,21,Morning
12/21/2020 at 12:06:41 pm EST,Imposter,Loss,2,15m 39s,No,-,Europe / BOBWIF,21,Morning
12/20/2020 at 5:05:49 pm EST,Imposter,Win,1,07m 25s,No,+++,NA / BXPKNF,21,Afternoon
12/19/2020 at 5:00:10 pm EST,Imposter,Loss,2,18m 26s,No,-,Europe / QZBNZF,21,Afternoon
12/11/2020 at 5:24:31 pm EST,Imposter,Win,2,00m 50s,No,,Europe / EVPUMF,21,Afternoon
12/02/2020 at 3:05:42 pm EST,Imposter,Win,3,17m 42s,No,+++,NA / ZLWXDF,21,Afternoon
12/02/2020 at 2:46:41 pm EST,Imposter,Win,1,14m 38s,No,+++,NA / ZLWXDF,21,Afternoon
12/02/2020 at 2:17:05 pm EST,Imposter,Loss,1,20m 36s,No,--,NA / ZLWXDF,21,Afternoon
11/22/2020 at 2:03:47 pm EST,Imposter,Loss,4,11m 53s,No,-,NA / LCHPMF,21,Afternoon
11/22/2020 at 1:42:29 pm EST,Imposter,Loss,1,01m 31s,Yes,,NA / LCHPMF,21,Afternoon
11/22/2020 at 1:13:20 pm EST,Imposter,Loss,2,24m 07s,No,-,NA / GMHOWQ,21,Afternoon
11/22/2020 at 12:34:06 pm EST,Imposter,Win,1,02m 15s,No,,Europe / GAHMVF,21,Morning
11/21/2020 at 11:54:42 am EST,Imposter,Loss,0,15m 10s,No,--,NA / TTDHOF,21,Morning
11/21/2020 at 11:39:07 am EST,Imposter,Loss,2,09m 39s,No,-,NA / TTDHOF,21,Morning
12/27/2020 at 8:06:30 pm EST,Imposter,Loss,2,08m 40s,No,-,Europe / HZJCWQ,22,Evening
12/27/2020 at 7:42:35 pm EST,Imposter,Loss,1,06m 49s,No,--,Europe / HZJCWQ,22,Evening
12/04/2020 at 9:58:18 pm EST,Imposter,Win,3,08m 34s,No,+++,NA / CRQDGF,22,Evening
12/04/2020 at 9:47:50 pm EST,Imposter,Loss,1,12m 15s,No,--,NA / CRQDGF,22,Evening
11/28/2020 at 2:40:58 pm EST,Imposter,Loss,3,18m 50s,No,-,Europe / DJCWJF,22,Afternoon
11/27/2020 at 10:20:36 pm EST,Imposter,Loss,4,13m 51s,Yes,-,Europe / JHDOOF,22,Evening
11/27/2020 at 3:57:29 pm EST,Imposter,Win,4,13m 31s,No,+++,Europe / ACLNSF,22,Afternoon
11/27/2020 at 1:54:01 am EST,Imposter,Win,1,21m 42s,No,+++,Europe / JJHDWQ,22,Night
11/27/2020 at 1:30:59 am EST,Imposter,Loss,2,18m 18s,Yes,-,Europe / JJHDWQ,22,Night
11/27/2020 at 12:17:36 am EST,Imposter,Loss,2,16m 00s,Yes,-,Europe / ATIEWQ,22,Night
11/26/2020 at 9:34:23 pm EST,Imposter,Loss,4,19m 34s,No,-,Europe / SJHCDF,22,Evening
11/26/2020 at 4:32:31 pm EST,Imposter,Win,3,10m 40s,No,+++,Europe / TIMRQQ,22,Afternoon
11/26/2020 at 3:01:20 pm EST,Imposter,Win,1,09m 31s,No,+++,Europe / TIMRQQ,22,Afternoon
11/25/2020 at 11:22:31 pm EST,Imposter,Win,2,11m 25s,No,+++,NA / UHWTVF,22,Evening
11/25/2020 at 11:03:21 pm EST,Imposter,Win,4,13m 20s,No,+++,NA / PQCGGF,22,Evening
11/25/2020 at 10:20:40 pm EST,Imposter,Win,1,06m 17s,No,+++,NA / PMVNCF,22,Evening
11/25/2020 at 8:31:04 pm EST,Imposter,Win,4,11m 09s,No,+++,NA / RMMVVF,22,Evening
11/25/2020 at 7:54:36 pm EST,Imposter,Loss,2,20m 34s,Yes,-,NA / RMMVVF,22,Evening
11/25/2020 at 6:10:28 pm EST,Imposter,Win,4,14m 12s,No,+++,NA / ETEEJF,22,Afternoon
11/25/2020 at 5:54:23 pm EST,Imposter,Win,2,09m 54s,No,+++,NA / ETEEJF,22,Afternoon
12/29/2020 at 9:20:03 pm EST,Imposter,Win,2,07m 45s,No,+++,NA / SRKQNF,23,Evening
12/29/2020 at 8:20:08 pm EST,Imposter,Loss,1,04m 50s,Yes,,NA / HUYDCF,23,Evening
12/29/2020 at 7:43:42 pm EST,Imposter,Win,1,08m 08s,No,+++,NA / NJCRNF,23,Evening
12/28/2020 at 1:35:57 am EST,Imposter,Win,2,11m 58s,No,+++,NA / TWGUMF,23,Night
12/28/2020 at 12:45:43 am EST,Imposter,Loss,1,15m 20s,Yes,--,NA / TWGUMF,23,Night
11/29/2020 at 9:58:54 pm EST,Imposter,Win,2,07m 50s,No,+++,NA / MSVQUF,23,Evening
11/29/2020 at 9:11:11 pm EST,Imposter,Win,1,16m 14s,No,+++,NA / MSVQUF,23,Evening
12/23/2020 at 12:24:39 pm EST,Imposter,Win,2,06m 18s,No,+++,NA / IJDWIF,24,Morning
12/21/2020 at 12:09:37 pm EST,Imposter,Loss,3,10m 35s,Yes,-,NA / UIGAKF,24,Morning
12/21/2020 at 11:49:07 am EST,Imposter,Win,4,12m 37s,No,+++,NA / UIGAKF,24,Morning
12/16/2020 at 1:18:05 pm EST,Imposter,Win,6,03m 54s,No,,NA / JRBNTQ,24,Afternoon
12/16/2020 at 1:13:14 pm EST,Imposter,Win,6,03m 47s,No,,NA / JRBNTQ,24,Afternoon
12/15/2020 at 3:44:08 pm EST,Imposter,Loss,2,11m 57s,No,-,NA / PWJDHF,24,Afternoon
12/15/2020 at 3:31:05 pm EST,Imposter,Loss,1,06m 23s,No,--,NA / PWJDHF,24,Afternoon
12/07/2020 at 10:04:48 pm EST,Imposter,Win,2,05m 27s,No,+++,NA / XVMZZF,25,Evening
12/05/2020 at 1:14:05 pm EST,Imposter,Loss,2,14m 50s,No,-,Europe / PRAHIF,25,Afternoon
12/05/2020 at 11:03:46 am EST,Imposter,Loss,3,12m 30s,No,-,Europe / PRAHIF,25,Morning
12/05/2020 at 10:49:25 am EST,Imposter,Loss,2,11m 36s,No,-,Europe / PRAHIF,25,Morning
12/05/2020 at 9:11:48 am EST,Imposter,Loss,1,11m 09s,No,--,NA / CGXSUF,25,Morning
12/05/2020 at 8:56:35 am EST,Imposter,Win,1,15m 47s,No,+++,NA / CGXSUF,25,Morning
12/05/2020 at 12:00:32 am EST,Imposter,Win,2,14m 57s,No,+++,Europe / QFGWWQ,25,Night
12/04/2020 at 11:10:18 pm EST,Imposter,Loss,4,14m 53s,No,-,Europe / QFGWWQ,25,Evening
12/04/2020 at 10:54:11 pm EST,Imposter,Win,4,10m 43s,No,+++,Europe / QFGWWQ,25,Evening
12/04/2020 at 10:04:51 pm EST,Imposter,Win,2,07m 16s,No,+++,Europe / NMXCKF,25,Evening
12/04/2020 at 8:29:38 pm EST,Imposter,Win,2,08m 33s,No,+++,Europe / DJDIUF,25,Evening
12/04/2020 at 7:21:36 pm EST,Imposter,Win,2,11m 05s,No,+++,Europe / DJDIUF,25,Evening
12/04/2020 at 5:55:08 pm EST,Imposter,Loss,3,09m 05s,No,-,Europe / HBCDWQ,25,Afternoon
11/30/2020 at 7:23:04 pm EST,Imposter,Win,2,11m 03s,No,+++,NA / OXOEFF,25,Evening
11/29/2020 at 9:51:46 pm EST,Imposter,Loss,3,15m 41s,No,-,NA / MXPBNF,25,Evening
11/29/2020 at 8:50:38 pm EST,Imposter,Loss,3,17m 29s,No,-,NA / MSVQUF,25,Evening
11/29/2020 at 7:28:50 pm EST,Imposter,Loss,2,05m 53s,No,-,NA / MSVQUF,25,Evening
11/29/2020 at 4:51:32 pm EST,Imposter,Loss,3,16m 16s,Yes,-,Europe / PEWSHF,25,Afternoon
11/29/2020 at 4:34:34 pm EST,Imposter,Win,3,12m 24s,No,+++,Europe / PEWSHF,25,Afternoon
11/29/2020 at 4:21:15 pm EST,Imposter,Loss,5,16m 34s,Yes,-,Europe / PEWSHF,25,Afternoon
12/31/2020 at 4:01:32 pm EST,Imposter,Win,2,12m 21s,Yes,+++,NA / JHRKDF,26,Afternoon
12/31/2020 at 2:40:22 pm EST,Imposter,Win,2,03m 09s,No,,NA / FKVQHF,26,Afternoon
12/30/2020 at 1:24:08 pm EST,Imposter,Win,3,08m 40s,No,+++,NA / UCYXDF,26,Afternoon
12/29/2020 at 9:03:14 pm EST,Imposter,Win,0,01m 13s,No,,NA / LEOTHF,26,Evening
12/29/2020 at 8:36:14 pm EST,Imposter,Loss,1,06m 54s,Yes,--,NA / LEOTHF,26,Evening
12/29/2020 at 7:38:05 pm EST,Imposter,Loss,2,05m 11s,Yes,-,NA / MSRQUF,26,Evening
12/29/2020 at 7:05:19 pm EST,Imposter,Loss,2,14m 28s,Yes,-,NA / MSRQUF,26,Evening
12/28/2020 at 3:17:12 pm EST,Imposter,Win,0,04m 48s,No,,NA / EXZKIF,26,Afternoon
12/28/2020 at 1:52:15 pm EST,Imposter,Win,3,13m 10s,No,+++,NA / SSHIHF,26,Afternoon
12/28/2020 at 1:35:04 pm EST,Imposter,Loss,2,14m 12s,No,-,NA / DDOWOF,26,Afternoon
12/28/2020 at 1:19:49 pm EST,Imposter,Win,2,10m 06s,No,+++,NA / DDOWOF,26,Afternoon
01/01/2021 at 3:39:23 pm EST,Imposter,Win,1,04m 25s,No,,NA / PLHUUF,27,Afternoon
12/15/2020 at 3:22:35 pm EST,Imposter,Win,2,05m 07s,No,+++,NA / TMCRNF,27,Afternoon
12/15/2020 at 2:32:12 pm EST,Imposter,Loss,4,06m 23s,No,-,NA / TMCRNF,27,Afternoon
12/12/2020 at 9:30:20 pm EST,Imposter,Loss,1,06m 54s,Yes,--,NA / GIMURQ,27,Evening
12/12/2020 at 6:29:55 pm EST,Imposter,Win,2,04m 27s,No,,NA / HTROPQ,27,Afternoon
12/10/2020 at 11:21:42 pm EST,Imposter,Loss,1,02m 11s,Yes,,NA / IMTHMF,27,Evening
12/09/2020 at 8:00:25 pm EST,Imposter,Win,1,05m 37s,No,+++,NA / JBPHPQ,27,Evening
12/09/2020 at 7:33:53 pm EST,Imposter,Win,0,01m 35s,No,,NA / JBPHPQ,27,Evening
12/09/2020 at 6:33:36 pm EST,Imposter,Win,2,02m 57s,No,,NA / ZVSFRQ,27,Afternoon
12/09/2020 at 6:30:09 pm EST,Imposter,Loss,2,05m 38s,Yes,-,NA / ZVSFRQ,27,Afternoon
12/09/2020 at 6:15:18 pm EST,Imposter,Win,2,02m 53s,No,,NA / ZVSFRQ,27,Afternoon
12/08/2020 at 8:06:51 pm EST,Imposter,Win,3,05m 00s,No,+++,NA / XEPKNF,27,Evening
12/07/2020 at 1:07:13 pm EST,Imposter,Win,1,02m 12s,No,,NA / MXFVDF,27,Afternoon
12/02/2020 at 10:02:36 am EST,Imposter,Win,1,01m 59s,No,,NA / GXQQUF,27,Morning
12/01/2020 at 8:49:18 pm EST,Imposter,Win,1,02m 16s,No,,NA / JKYVFF,27,Evening
12/01/2020 at 6:04:24 pm EST,Imposter,Loss,2,08m 23s,Yes,-,NA / WGGAHF,27,Afternoon
12/01/2020 at 5:38:19 pm EST,Imposter,Loss,1,01m 47s,Yes,,NA / WGGAHF,27,Afternoon
12/01/2020 at 1:21:13 pm EST,Imposter,Win,2,03m 22s,No,,NA / TOHVLQ,27,Afternoon
11/30/2020 at 2:40:08 pm EST,Imposter,Win,2,03m 16s,No,,NA / LFPGBF,27,Afternoon
11/28/2020 at 11:18:33 am EST,Imposter,Win,2,02m 07s,No,,NA / VPDHYQ,27,Morning
01/04/2021 at 11:37:30 pm EST,Imposter,Win,1,08m 27s,No,+++,NA / JRMRHF,28,Evening
01/04/2021 at 7:11:05 pm EST,Imposter,Win,1,03m 39s,No,,NA / JKMIUF,28,Evening
12/16/2020 at 7:18:30 pm EST,Imposter,Win,2,13m 22s,No,+++,NA / BAPQFF,28,Evening
12/16/2020 at 7:18:30 pm EST,Imposter,Win,2,13m 22s,No,+++,NA / BAPQFF,28,Evening
12/16/2020 at 7:01:33 pm EST,Imposter,Loss,1,06m 15s,Yes,--,NA / BAPQFF,28,Evening
12/16/2020 at 7:01:33 pm EST,Imposter,Loss,1,06m 16s,Yes,--,NA / BAPQFF,28,Evening
12/16/2020 at 6:33:24 pm EST,Imposter,Win,1,12m 08s,No,+++,NA / PTOYCF,28,Afternoon
12/16/2020 at 6:33:24 pm EST,Imposter,Win,1,12m 08s,No,+++,NA / PTOYCF,28,Afternoon
12/10/2020 at 5:36:02 pm EST,Imposter,Loss,2,10m 32s,Yes,-,NA / HSDQJF,28,Afternoon
12/10/2020 at 5:36:02 pm EST,Imposter,Loss,2,10m 32s,Yes,-,NA / HSDQJF,28,Afternoon
01/06/2021 at 10:11:51 am EST,Imposter,Win,2,05m 15s,No,+++,Europe / XEWROF,29,Morning
12/11/2020 at 12:02:54 pm EST,Imposter,Win,0,14m 04s,No,+++,NA / NNNSXQ,29,Morning
12/11/2020 at 11:45:28 am EST,Imposter,Loss,3,05m 56s,No,-,NA / NNNSXQ,29,Morning
12/11/2020 at 11:38:14 am EST,Imposter,Loss,2,17m 30s,No,-,NA / NNNSXQ,29,Morning
12/05/2020 at 12:08:12 pm EST,Imposter,Win,2,10m 14s,No,+++,Europe / PRAHIF,29,Morning
12/05/2020 at 11:40:53 am EST,Imposter,Loss,1,15m 56s,No,--,Europe / PRAHIF,29,Morning
12/01/2020 at 11:07:41 am EST,Imposter,Loss,2,14m 10s,No,-,NA / SNNGZF,29,Morning
